customer_id,first_name,last_name,email,gender
14025,Herschel,Kelsow,hkelsow0@nydailynews.com,Genderfluid
12858,Cedric,Davern,cdavern1@elpais.com,Male
13222,Steven,Brookfield,sbrookfield2@comcast.net,Male
14562,Reynard,Yarmouth,ryarmouth3@alexa.com,Male
16774,Wileen,Bleakley,wbleakley4@loc.gov,Female
15781,Terrie,Shorten,tshorten5@yale.edu,Female
12591,Selie,Winwood,swinwood6@netlog.com,Female
15414,Warden,Brownrigg,wbrownrigg7@mysql.com,Male
18035,Verine,Tinker,vtinker8@ibm.com,Female
17594,Melicent,Rubenovic,mrubenovic9@howstuffworks.com,Genderfluid
13153,Christin,Gowrie,cgowriea@dailymotion.com,Bigender
17324,Fanny,Petrovykh,fpetrovykhb@sohu.com,Female
15289,Heddi,Bindley,hbindleyc@spiegel.de,Female
15653,Hernando,Frangleton,hfrangletond@paginegialle.it,Male
17698,Merwin,Beevor,mbeevore@ted.com,Male
17622,Merrill,Rabson,mrabsonf@sciencedaily.com,Genderfluid
13544,Garv,Million,gmilliong@apache.org,Genderfluid
14286,Minni,Heino,mheinoh@miitbeian.gov.cn,Female
13711,Cordelia,Beeckx,cbeeckxi@icio.us,Female
12370,Inglebert,Somerfield,isomerfieldj@wunderground.com,Male
13343,Eduino,Woodroof,ewoodroofk@blogspot.com,Male
16108,Cecilius,Gwilym,cgwilyml@printfriendly.com,Non-binary
15616,Em,Murcutt,emurcuttm@arstechnica.com,Female
15831,Terrill,Kinglesyd,tkinglesydn@mysql.com,Male
17557,Joana,Cruft,jcrufto@seesaa.net,Polygender
17359,Chase,Sedgman,csedgmanp@chicagotribune.com,Male
12698,Tracy,Oxton,toxtonq@ning.com,Female
15305,Pavla,Leupold,pleupoldr@free.fr,Female
14899,Lloyd,Clawsley,lclawsleys@com.com,Male
15126,Esme,Harce,eharcet@tinypic.com,Female
15737,Haven,Grigoriscu,hgrigoriscuu@multiply.com,Male
14433,Emmy,Waters,ewatersv@topsy.com,Male
17443,Clerc,Frangleton,cfrangletonw@wikimedia.org,Male
16184,Alberta,Dodridge,adodridgex@sun.com,Female
16166,Inna,Tolle,itolley@yellowbook.com,Female
15817,Brion,McElmurray,bmcelmurrayz@sohu.com,Male
14218,Christophe,Jarratt,cjarratt10@businessinsider.com,Male
17151,Aimil,Kinsley,akinsley11@sogou.com,Female
16438,Evangelina,Wolford,ewolford12@angelfire.com,Female
13991,Carley,Pomfrey,cpomfrey13@examiner.com,Female
17483,Reid,Burdon,rburdon14@narod.ru,Male
13822,Jordanna,Thackham,jthackham15@pagesperso-orange.fr,Female
14322,Sandye,Kantor,skantor16@yahoo.com,Bigender
17399,Betta,Clair,bclair17@sohu.com,Female
17591,Fairlie,Whaley,fwhaley18@globo.com,Male
17106,Avery,Matussow,amatussow19@statcounter.com,Male
16266,Christin,Rudgard,crudgard1a@furl.net,Female
17021,Rafi,Portingale,rportingale1b@goo.gl,Male
13624,Dimitry,Whieldon,dwhieldon1c@nbcnews.com,Male
15920,Winston,Selwin,wselwin1d@soup.io,Male
16012,Jane,Alders,jalders1e@google.ru,Female
13688,Sascha,Spriggs,sspriggs1f@newyorker.com,Female
14733,Merridie,Minthorpe,mminthorpe1g@youku.com,Female
13631,Carmina,Giannassi,cgiannassi1h@businesswire.com,Non-binary
12740,Christye,Guisot,cguisot1i@whitehouse.gov,Female
17001,Correy,Moller,cmoller1j@zdnet.com,Female
13764,Fredra,Belward,fbelward1k@toplist.cz,Female
15521,Nevin,Tinwell,ntinwell1l@networkadvertising.org,Male
17690,Gregg,Starkings,gstarkings1m@walmart.com,Male
15712,Godwin,McCoid,gmccoid1n@engadget.com,Male
17529,Tull,Haste,thaste1o@addtoany.com,Male
17163,Lavinia,Basile,lbasile1p@pcworld.com,Female
18233,Erie,Cleave,ecleave1q@shinystat.com,Male
12445,Claudia,Dennidge,cdennidge1r@gmpg.org,Female
15497,Sile,Mansell,smansell1s@desdev.cn,Female
14620,Neila,Henkmann,nhenkmann1t@yale.edu,Female
13897,Fiona,Aldritt,faldritt1u@imdb.com,Female
17687,Hermina,McKoy,hmckoy1v@washington.edu,Female
16385,Vittorio,Poluzzi,vpoluzzi1w@canalblog.com,Male
15846,Faulkner,Plumridge,fplumridge1x@pagesperso-orange.fr,Male
12747,Sharron,Ollive,sollive1y@dagondesign.com,Female
14371,Emera,Dobey,edobey1z@redcross.org,Female
15891,Nickolai,Kenafaque,nkenafaque20@indiegogo.com,Male
14969,Gavrielle,Goulborne,ggoulborne21@artisteer.com,Female
17792,Hastings,De Dei,hdedei22@mail.ru,Male
18055,Lian,Jakubowicz,ljakubowicz23@sciencedirect.com,Female
16716,Henderson,Condon,hcondon24@qq.com,Male
16418,Symon,Holhouse,sholhouse25@mlb.com,Male
12547,Blayne,Cristoforo,bcristoforo26@craigslist.org,Male
15019,Walliw,Maddyson,wmaddyson27@foxnews.com,Female
15138,Massimiliano,Peepall,mpeepall28@fema.gov,Male
15759,Dominik,Baker,dbaker29@naver.com,Male
12650,Boris,Caser,bcaser2a@diigo.com,Male
16188,Cob,Mauchline,cmauchline2b@jalbum.net,Male
15328,Henry,McGreal,hmcgreal2c@alexa.com,Male
12512,Matilda,Radeliffe,mradeliffe2d@zimbio.com,Female
14378,Gratiana,Fullagar,gfullagar2e@w3.org,Female
17503,Justis,Eickhoff,jeickhoff2f@github.com,Male
12366,Aristotle,Gildea,agildea2g@cyberchimps.com,Male
13957,Clayton,O Sullivan,cosullivan2h@oracle.com,Male
18027,Sullivan,Disley,sdisley2i@cargocollective.com,Male
14181,Engelbert,Gilberthorpe,egilberthorpe2j@shinystat.com,Male
13094,Quintin,Menauteau,qmenauteau2k@usa.gov,Male
12453,Arney,Alam,aalam2l@cocolog-nifty.com,Male
14469,Randolph,Pallas,rpallas2m@disqus.com,Male
17741,Billi,Murgatroyd,bmurgatroyd2n@youtu.be,Female
16452,Kinsley,Haythornthwaite,khaythornthwaite2o@newyorker.com,Male
12385,Jorgan,Rootes,jrootes2p@tamu.edu,Male
13467,Ricardo,Biaggioni,rbiaggioni2q@mashable.com,Male
14502,Kirby,Crowe,kcrowe2r@elegantthemes.com,Female
13996,Georgetta,Luby,gluby2s@census.gov,Female
14364,Livvie,Lages,llages2t@cloudflare.com,Non-binary
17407,Ogden,Kofax,okofax2u@zdnet.com,Male
15715,Ann-marie,Husk,ahusk2v@icio.us,Female
13289,Zebulen,Filipczynski,zfilipczynski2w@simplemachines.org,Male
13796,Cassi,Hoolaghan,choolaghan2x@stumbleupon.com,Female
13865,Shani,Rannie,srannie2y@digg.com,Female
18021,Samaria,Dysart,sdysart2z@topsy.com,Female
16157,Nathanial,Monnoyer,nmonnoyer30@google.com.br,Non-binary
18189,Olympia,Stalf,ostalf31@qq.com,Female
14007,Harland,Danko,hdanko32@photobucket.com,Non-binary
16044,Tamarah,Jeffcoat,tjeffcoat33@google.ca,Bigender
17287,Kiah,Benian,kbenian34@google.ru,Female
14954,Tory,Shilito,tshilito35@umn.edu,Female
16927,Hubert,Lindback,hlindback36@irs.gov,Male
13104,Missie,Plumridge,mplumridge37@usnews.com,Female
15163,Orin,Ingerfield,oingerfield38@youtu.be,Male
17507,Harcourt,Haysom,hhaysom39@state.tx.us,Male
17707,Josephine,Thayre,jthayre3a@bloglovin.com,Female
14945,Hailey,Julien,hjulien3b@yahoo.com,Male
16629,Simonne,Frany,sfrany3c@wikipedia.org,Female
14449,Charleen,Oak,coak3d@jalbum.net,Female
14904,Sky,Tschirasche,stschirasche3e@smh.com.au,Male
13008,Alair,Castagnasso,acastagnasso3f@dedecms.com,Male
15416,Carroll,Jacks,cjacks3g@cbsnews.com,Male
16654,Veronike,Weeden,vweeden3h@who.int,Agender
15444,Romy,Hebard,rhebard3i@mapy.cz,Female
15461,Sally,Sailes,ssailes3j@shutterfly.com,Female
17628,Gerrie,Abry,gabry3k@posterous.com,Male
13617,Udall,Gallafant,ugallafant3l@behance.net,Male
17128,Burr,Hawkin,bhawkin3m@intel.com,Male
14705,Quillan,Asp,qasp3n@mysql.com,Male
14238,Griswold,Ledgard,gledgard3o@woothemes.com,Male
13950,Trescha,Prin,tprin3p@nymag.com,Female
15773,Linnet,Fonquernie,lfonquernie3q@jugem.jp,Female
14743,Ricard,Hurch,rhurch3r@cbslocal.com,Male
15310,Farleigh,Grzelak,fgrzelak3s@angelfire.com,Male
16022,Farrell,Daykin,fdaykin3t@scribd.com,Male
12469,Fidelio,Asey,fasey3u@microsoft.com,Male
15668,Marcelia,Habbema,mhabbema3v@trellian.com,Female
15509,Oliviero,Niesel,oniesel3w@scribd.com,Male
13794,Ken,Wastell,kwastell3x@baidu.com,Male
14245,Elsbeth,Candwell,ecandwell3y@wired.com,Female
15446,Nicolle,Thumim,nthumim3z@spotify.com,Female
15613,Caroline,Solesbury,csolesbury40@cbsnews.com,Polygender
16266,Gerry,Dahlback,gdahlback41@twitter.com,Male
17948,Celinda,Glabach,cglabach42@ucla.edu,Female
14614,Jeffie,Schollar,jschollar43@free.fr,Male
17972,Duffy,Kalinsky,dkalinsky44@businessinsider.com,Male
14607,Wendell,Boorer,wboorer45@nps.gov,Genderqueer
16832,Aurea,Cokly,acokly46@youku.com,Female
15158,Elsinore,Gideon,egideon47@acquirethisname.com,Female
14575,Denna,Schlag,dschlag48@4shared.com,Female
17207,Dierdre,Le Pruvost,dlepruvost49@mayoclinic.com,Female
17304,Wallis,Meadway,wmeadway4a@kickstarter.com,Non-binary
13284,Merell,Matzeitis,mmatzeitis4b@infoseek.co.jp,Agender
13264,Jephthah,Minihan,jminihan4c@naver.com,Male
17828,Sibby,Sabatini,ssabatini4d@springer.com,Female
18169,Barnebas,Klambt,bklambt4e@surveymonkey.com,Male
14992,Janis,Constantine,jconstantine4f@is.gd,Female
12763,Alida,Harding,aharding4g@earthlink.net,Female
15841,Randolf,Varns,rvarns4h@plala.or.jp,Male
16904,Gay,Tonry,gtonry4i@independent.co.uk,Female
15899,Skipper,Sieve,ssieve4j@chicagotribune.com,Bigender
12824,Morris,Grinyov,mgrinyov4k@wp.com,Male
13961,Ardyth,Ferronet,aferronet4l@chron.com,Genderqueer
16246,Jeane,Kubala,jkubala4m@webnode.com,Female
13221,Baron,McGinley,bmcginley4n@163.com,Male
15305,Nina,Remington,nremington4o@slashdot.org,Female
16884,Corinne,Pershouse,cpershouse4p@addtoany.com,Female
14777,Debora,McKintosh,dmckintosh4q@shutterfly.com,Female
12555,Cristian,Pingston,cpingston4r@free.fr,Male
13864,Brina,Ciabatteri,bciabatteri4s@soundcloud.com,Female
16047,Pace,Matej,pmatej4t@army.mil,Male
15230,Shay,Dougliss,sdougliss4u@google.co.uk,Male
17337,Chevalier,Gieves,cgieves4v@biblegateway.com,Male
15399,Thalia,Yokelman,tyokelman4w@digg.com,Female
17109,Benedict,Velte,bvelte4x@army.mil,Male
14336,Gabbey,Lavallie,glavallie4y@ovh.net,Genderfluid
15361,Valentina,Karadzas,vkaradzas4z@aboutads.info,Female
12914,Cecilius,Yukhnini,cyukhnini50@wunderground.com,Male
16342,Hermann,Vaggers,hvaggers51@bravesites.com,Male
12789,Michail,Jenkerson,mjenkerson52@lulu.com,Male
15517,Neile,Pargent,npargent53@scientificamerican.com,Female
17516,Brenda,Abbatini,babbatini54@google.es,Genderfluid
16819,Cathryn,Semrad,csemrad55@linkedin.com,Agender
16597,Calhoun,MacDermott,cmacdermott56@biglobe.ne.jp,Male
13501,Latia,Drohun,ldrohun57@webs.com,Female
15997,Riki,Almeida,ralmeida58@goo.gl,Bigender
16186,Kamilah,Tomaini,ktomaini59@canalblog.com,Female
15750,Juditha,Gabby,jgabby5a@discovery.com,Female
12735,Olly,Westoll,owestoll5b@time.com,Male
16046,Irving,Pentony,ipentony5c@cornell.edu,Male
13853,Doretta,McAirt,dmcairt5d@google.it,Genderfluid
14037,Leighton,Smitherman,lsmitherman5e@nydailynews.com,Male
13729,Queenie,Champley,qchampley5f@sbwire.com,Female
14225,Ario,Kennaird,akennaird5g@nih.gov,Male
14376,Kiersten,Nardrup,knardrup5h@moonfruit.com,Genderfluid
15923,Arturo,Bugdall,abugdall5i@jugem.jp,Male
14175,Gerianne,Letty,gletty5j@fastcompany.com,Female
12933,Elfrida,Gratland,egratland5k@mlb.com,Female
17572,Bengt,Durban,bdurban5l@behance.net,Male
14211,Chelsae,Zum Felde,czumfelde5m@omniture.com,Female
13502,Rick,Cheeke,rcheeke5n@infoseek.co.jp,Male
12609,Devland,Ros,dros5o@mozilla.com,Male
16243,Cheston,Gresly,cgresly5p@moonfruit.com,Bigender
15454,Fidole,Raiman,fraiman5q@gmpg.org,Male
17142,Verile,Barukh,vbarukh5r@independent.co.uk,Female
17794,Caitrin,Roskelly,croskelly5s@who.int,Female
14326,Orland,Hussey,ohussey5t@slate.com,Male
14657,Cherey,Beeckx,cbeeckx5u@alexa.com,Bigender
14991,Rheta,Upstell,rupstell5v@mit.edu,Female
17953,Alida,Berns,aberns5w@admin.ch,Female
16862,Guillaume,Studholme,gstudholme5x@pinterest.com,Male
17833,Zita,Shillitoe,zshillitoe5y@wikia.com,Female
16846,Dermot,Mews,dmews5z@discovery.com,Male
12534,Thedric,Fosberry,tfosberry60@mapquest.com,Male
13549,Cesaro,Baldick,cbaldick61@pcworld.com,Male
14061,Mab,Varley,mvarley62@themeforest.net,Female
14910,Mychal,Rumble,mrumble63@abc.net.au,Male
16531,Ilsa,Ingarfill,iingarfill64@oaic.gov.au,Agender
15809,Randal,Sprionghall,rsprionghall65@vinaora.com,Male
16399,Anne,Firbanks,afirbanks66@drupal.org,Female
13442,Shauna,Cadreman,scadreman67@mayoclinic.com,Female
15226,Forrester,Swanson,fswanson68@msu.edu,Male
16119,Xenos,Rowson,xrowson69@house.gov,Male
15021,Jefferson,Jaouen,jjaouen6a@eepurl.com,Male
16905,Tine,Fussie,tfussie6b@census.gov,Female
13223,Irwin,Spires,ispires6c@amazonaws.com,Male
16380,Domini,Gillfillan,dgillfillan6d@prnewswire.com,Bigender
13896,Jordan,Siman,jsiman6e@gravatar.com,Female
17814,Cris,Santori,csantori6f@slate.com,Male
13613,Carena,Spurdon,cspurdon6g@howstuffworks.com,Female
13151,Herman,Normavell,hnormavell6h@wired.com,Male
13852,Bess,Garbett,bgarbett6i@vkontakte.ru,Female
13318,Niccolo,Trundler,ntrundler6j@qq.com,Male
15715,Benoit,Sturr,bsturr6k@hud.gov,Male
14089,Meredith,Sinncock,msinncock6l@zdnet.com,Female
16010,Nowell,Bridgman,nbridgman6m@topsy.com,Male
17214,Steven,Stennings,sstennings6n@shop-pro.jp,Male
15033,Joly,Syplus,jsyplus6o@utexas.edu,Agender
16416,Lynn,Heinle,lheinle6p@bandcamp.com,Male
13051,Clemence,Johnsson,cjohnsson6q@pbs.org,Female
14063,Hieronymus,Idale,hidale6r@hostgator.com,Male
15946,Kienan,Tippler,ktippler6s@arstechnica.com,Male
15413,Omero,Faustian,ofaustian6t@addtoany.com,Male
16314,Clevey,Bootes,cbootes6u@de.vu,Male
17672,Anselm,Hansie,ahansie6v@miibeian.gov.cn,Male
16899,Sabine,Ida,sida6w@lycos.com,Female
17315,Addia,Elam,aelam6x@xinhuanet.com,Female
15670,Cordy,Livzey,clivzey6y@unblog.fr,Male
15095,Granthem,Blackie,gblackie6z@unc.edu,Genderqueer
15811,Diego,Baelde,dbaelde70@wisc.edu,Male
17746,Tomlin,Crowter,tcrowter71@smugmug.com,Male
16351,Stanislaw,Mackriell,smackriell72@yellowbook.com,Male
14719,Clerc,Shalders,cshalders73@nifty.com,Male
13563,Lon,Behnecke,lbehnecke74@pen.io,Male
17074,Corina,Ewbanke,cewbanke75@facebook.com,Polygender
12522,Eddy,Lorence,elorence76@examiner.com,Agender
12742,Maury,Scirman,mscirman77@tripadvisor.com,Genderqueer
17872,Analiese,Skyram,askyram78@intel.com,Female
13280,Bogart,Drawmer,bdrawmer79@cisco.com,Male
12892,Laryssa,Dunseath,ldunseath7a@japanpost.jp,Female
14111,Stillmann,Filer,sfiler7b@examiner.com,Male
14405,Rube,Poel,rpoel7c@nifty.com,Male
14587,Gualterio,Hue,ghue7d@fda.gov,Male
13719,Jermayne,Mc Mechan,jmcmechan7e@tripod.com,Male
15708,Kincaid,Guilloud,kguilloud7f@toplist.cz,Male
17236,Colas,Greenly,cgreenly7g@1688.com,Male
17003,Nikita,Habershon,nhabershon7h@china.com.cn,Male
13685,Drusy,McDonell,dmcdonell7i@psu.edu,Female
16238,Shelden,Spottiswoode,sspottiswoode7j@chicagotribune.com,Male
14042,Gussie,Siggers,gsiggers7k@typepad.com,Female
15444,Shana,Ainslee,sainslee7l@printfriendly.com,Female
14492,Vivianne,Pally,vpally7m@spiegel.de,Female
12528,Herb,Pohlak,hpohlak7n@ifeng.com,Male
14037,Prince,Tolemache,ptolemache7o@house.gov,Male
12562,Giustina,Clack,gclack7p@gmpg.org,Female
17063,Ode,Aiers,oaiers7q@uol.com.br,Male
15988,Saw,Britland,sbritland7r@mlb.com,Male
15017,Marja,Shulver,mshulver7s@cbslocal.com,Female
14877,Merline,Hughs,mhughs7t@nifty.com,Female
18136,Bobbi,Hedau,bhedau7u@mit.edu,Female
12660,Pammy,Chillingworth,pchillingworth7v@zdnet.com,Female
14338,Jessica,McLagain,jmclagain7w@themeforest.net,Female
15486,Odo,Wisedale,owisedale7x@shop-pro.jp,Male
14673,Lauretta,Huntley,lhuntley7y@wordpress.org,Female
15553,Mayor,Mulcock,mmulcock7z@naver.com,Male
13557,Sonny,Parlet,sparlet80@mit.edu,Female
16607,Dionisio,Greenier,dgreenier81@toplist.cz,Male
17146,Joyann,Ofield,jofield82@gizmodo.com,Female
13714,Gaylene,Quadri,gquadri83@wordpress.com,Female
15485,Orlan,Barsham,obarsham84@woothemes.com,Male
14961,Egbert,Hebson,ehebson85@unicef.org,Male
14146,Conrad,Devanney,cdevanney86@storify.com,Male
12980,Sheelah,Pamment,spamment87@hp.com,Female
17605,Kelcy,Reinmar,kreinmar88@biblegateway.com,Genderfluid
13424,Catarina,Foggo,cfoggo89@tamu.edu,Female
16930,Kassia,Clooney,kclooney8a@google.co.jp,Non-binary
13440,Aile,De Mattia,ademattia8b@statcounter.com,Female
12688,Lockwood,Flaws,lflaws8c@photobucket.com,Male
12723,Tobias,Gallone,tgallone8d@apple.com,Male
16328,Finn,Kerans,fkerans8e@mlb.com,Genderfluid
14685,Whitaker,Garmston,wgarmston8f@sciencedirect.com,Male
15621,Doug,Cranmere,dcranmere8g@mozilla.org,Male
15453,Leia,Summerlad,lsummerlad8h@gmpg.org,Female
15239,Danny,Peirazzi,dpeirazzi8i@godaddy.com,Female
12426,Bevon,Gritton,bgritton8j@ow.ly,Male
16085,Maury,Petry,mpetry8k@phoca.cz,Male
12904,Gerta,Raulin,graulin8l@abc.net.au,Female
17218,Cecil,Switzer,cswitzer8m@webnode.com,Female
16379,Suzie,Pennycuick,spennycuick8n@sourceforge.net,Female
15743,Pearline,Ealles,pealles8o@parallels.com,Female
14558,Somerset,Eary,seary8p@bbb.org,Male
14496,Corrianne,Aleksidze,caleksidze8q@tamu.edu,Female
17326,Doyle,Attreed,dattreed8r@domainmarket.com,Male
12933,Kass,Calliss,kcalliss8s@squarespace.com,Female
15059,Hi,Rodgier,hrodgier8t@mtv.com,Male
16137,Corey,Jenno,cjenno8u@mtv.com,Male
17504,Marsh,Tyne,mtyne8v@moonfruit.com,Male
15163,Dennis,Brearley,dbrearley8w@woothemes.com,Male
15699,Ogdon,Waison,owaison8x@tinypic.com,Male
14284,Norrie,Batiste,nbatiste8y@xinhuanet.com,Bigender
16189,Cecily,Giggie,cgiggie8z@dot.gov,Female
14525,Gillie,Geertje,ggeertje90@dedecms.com,Female
13233,Norry,Widdall,nwiddall91@google.de,Female
16589,Gloriana,Woffinden,gwoffinden92@so-net.ne.jp,Female
17472,Adrea,Pennino,apennino93@slashdot.org,Genderqueer
16981,Karry,Battlestone,kbattlestone94@imgur.com,Female
17725,Cele,Pyle,cpyle95@dyndns.org,Non-binary
12916,Godfry,Hain,ghain96@freewebs.com,Male
17670,Lamond,Onions,lonions97@senate.gov,Male
13402,Erv,Lago,elago98@dagondesign.com,Genderqueer
15503,Nomi,Andreacci,nandreacci99@apple.com,Female
16726,Brear,Porson,bporson9a@so-net.ne.jp,Female
14072,Shurlocke,Cuddehay,scuddehay9b@nps.gov,Male
15408,Connie,Patshull,cpatshull9c@house.gov,Female
17655,Chev,Jager,cjager9d@home.pl,Male
13637,Rahel,Fearnehough,rfearnehough9e@senate.gov,Female
14327,Vonny,Heinreich,vheinreich9f@aboutads.info,Female
13602,Zebedee,Lambdin,zlambdin9g@blogtalkradio.com,Male
14308,Cynthea,McTrustram,cmctrustram9h@ustream.tv,Female
18170,Kaye,Doale,kdoale9i@devhub.com,Female
12392,Daryl,Sillis,dsillis9j@photobucket.com,Male
18208,Perri,Tadlow,ptadlow9k@sogou.com,Female
16382,Constancy,Sedwick,csedwick9l@google.com.br,Agender
15453,Ahmad,Hallatt,ahallatt9m@cnn.com,Non-binary
12407,Fernanda,Mitro,fmitro9n@mac.com,Female
17043,Cass,Ambrosi,cambrosi9o@creativecommons.org,Female
14850,Judith,Gittins,jgittins9p@unicef.org,Female
16138,Conan,Habard,chabard9q@nytimes.com,Male
12940,Nonie,Sallier,nsallier9r@parallels.com,Female
14985,Urbano,Burrus,uburrus9s@theatlantic.com,Male
14777,Ivan,Leveritt,ileveritt9t@tinypic.com,Genderfluid
15857,Sabina,Dilrew,sdilrew9u@boston.com,Female
13319,Artemas,Rosander,arosander9v@twitpic.com,Male
14225,Amos,McLarens,amclarens9w@tinyurl.com,Male
13723,Sile,Tolputt,stolputt9x@newyorker.com,Female
14099,Fayre,Barnsdall,fbarnsdall9y@live.com,Female
16707,Darill,Schollar,dschollar9z@netlog.com,Male
14875,Lucia,Salling,lsallinga0@pagesperso-orange.fr,Female
17353,Frankie,Hellikes,fhellikesa1@china.com.cn,Bigender
16164,Cristian,Temlett,ctemletta2@furl.net,Male
16420,Nanice,Cone,nconea3@yelp.com,Female
15758,Kinsley,Ballendine,kballendinea4@list-manage.com,Male
16418,Vernen,Alvaro,valvaroa5@imdb.com,Male
16471,Lorianna,De Biasio,ldebiasioa6@squarespace.com,Female
16128,Emmalyn,Djekovic,edjekovica7@shop-pro.jp,Female
13910,Donelle,Taggett,dtaggetta8@livejournal.com,Female
16536,Kippar,Davydzenko,kdavydzenkoa9@army.mil,Genderqueer
15996,Lena,Rawcliffe,lrawcliffeaa@columbia.edu,Female
14910,Jeniffer,Wasson,jwassonab@skyrock.com,Female
12833,Griz,Bubeer,gbubeerac@disqus.com,Male
14180,Corbett,Stelfax,cstelfaxad@phoca.cz,Male
16248,Mario,Myall,mmyallae@buzzfeed.com,Male
17840,Nevsa,de Keyser,ndekeyseraf@fastcompany.com,Female
17306,Marigold,Rome,mromeag@weather.com,Female
15790,Melesa,Kondratyuk,mkondratyukah@dailymail.co.uk,Female
12665,Nolana,Worsall,nworsallai@imageshack.us,Female
14849,Hashim,Engley,hengleyaj@sphinn.com,Male
16920,Barrett,Breming,bbremingak@apple.com,Male
16607,Mariya,Larkins,mlarkinsal@xinhuanet.com,Female
14140,Ellissa,Radage,eradageam@omniture.com,Female
13436,Ruthann,Veschi,rveschian@bloglines.com,Female
16761,Gilli,Teenan,gteenanao@howstuffworks.com,Female
12465,Reynolds,Vaneschi,rvaneschiap@stumbleupon.com,Male
17198,Merill,Dunthorn,mdunthornaq@google.com.hk,Male
17338,Lloyd,Merrigan,lmerriganar@wordpress.org,Male
13502,Jameson,Bente,jbenteas@ning.com,Male
17914,Glendon,Dinnies,gdinniesat@blogtalkradio.com,Male
12912,Gwenni,Dalgety,gdalgetyau@timesonline.co.uk,Female
12493,Kalli,Casotti,kcasottiav@bing.com,Female
13328,Veda,Saphin,vsaphinaw@lulu.com,Polygender
17687,Carlene,Sell,csellax@senate.gov,Female
17899,Erie,Hasley,ehasleyay@google.nl,Male
15957,Tiffy,Stubbings,tstubbingsaz@cnet.com,Female
17393,Tedie,Polkinhorn,tpolkinhornb0@wired.com,Male
14962,Hannie,Hellis,hhellisb1@simplemachines.org,Female
13440,Hyacinthe,Draxford,hdraxfordb2@princeton.edu,Female
13746,Niki,Ludwig,nludwigb3@liveinternet.ru,Male
17142,Tito,Oiller,toillerb4@about.me,Male
17736,Rudolfo,Boyat,rboyatb5@hexun.com,Male
16058,Kayla,Ranken,krankenb6@webeden.co.uk,Female
13580,Ranna,Dyche,rdycheb7@bloglovin.com,Female
13276,Dorothea,Baskeyfied,dbaskeyfiedb8@zdnet.com,Female
15258,Nikolaos,Bodocs,nbodocsb9@woothemes.com,Male
14474,Ortensia,De Beauchemp,odebeauchempba@skype.com,Female
18092,Alejandro,Hudspith,ahudspithbb@multiply.com,Male
17704,Happy,Cord,hcordbc@auda.org.au,Female
13088,Livvie,Arboin,larboinbd@joomla.org,Female
13199,Leena,Lafflin,llafflinbe@twitpic.com,Female
15888,Vin,Alliott,valliottbf@dagondesign.com,Female
16466,Lenci,Hugnet,lhugnetbg@narod.ru,Male
14536,Sandy,Butland,sbutlandbh@utexas.edu,Male
14733,Heath,Breslauer,hbreslauerbi@ft.com,Female
16877,Sigfrid,Tripett,stripettbj@lulu.com,Male
17590,Bertie,Berge,bbergebk@nbcnews.com,Male
12588,Obadias,Leathard,oleathardbl@ftc.gov,Male
15443,Lorenzo,Maddrell,lmaddrellbm@slashdot.org,Genderqueer
16915,Arlette,Benterman,abentermanbn@furl.net,Female
16260,Paxon,Leas,pleasbo@shinystat.com,Male
15359,Marie-ann,Babcock,mbabcockbp@fastcompany.com,Female
17201,Kristofer,Dametti,kdamettibq@list-manage.com,Male
12598,Hildegarde,Josefsohn,hjosefsohnbr@reverbnation.com,Female
15703,Eddie,Meadowcraft,emeadowcraftbs@si.edu,Male
17366,De witt,Lujan,dlujanbt@army.mil,Male
13206,Cheri,Keppel,ckeppelbu@toplist.cz,Female
16631,Tim,Lomb,tlombbv@va.gov,Female
17223,Jammal,Haliburn,jhaliburnbw@blogtalkradio.com,Male
13832,Sterne,Milley,smilleybx@arizona.edu,Male
17695,Clarey,Szantho,cszanthoby@youtube.com,Agender
14222,Martita,Wogan,mwoganbz@livejournal.com,Female
15406,Ally,Mendonca,amendoncac0@addtoany.com,Female
12984,Ettore,O'Reilly,eoreillyc1@zimbio.com,Genderqueer
13270,Paulette,Belshaw,pbelshawc2@columbia.edu,Female
17144,Federica,Largen,flargenc3@intel.com,Female
14889,Maryjane,Bracher,mbracherc4@vinaora.com,Female
15929,Nelia,Petican,npeticanc5@constantcontact.com,Female
15786,Maurene,Spreadbury,mspreadburyc6@go.com,Female
17651,Evelyn,Alenikov,ealenikovc7@baidu.com,Polygender
14469,Susanetta,Minichi,sminichic8@rakuten.co.jp,Female
15623,Barby,Cofax,bcofaxc9@mozilla.com,Agender
17879,Marian,Billie,mbillieca@nifty.com,Female
13324,Peder,McIlvoray,pmcilvoraycb@so-net.ne.jp,Male
15649,Hallie,Royall,hroyallcc@rediff.com,Female
13516,Bryon,Duignan,bduignancd@latimes.com,Male
18029,Merrill,Harriman,mharrimance@google.co.uk,Female
16433,Trevor,Marchiso,tmarchisocf@washington.edu,Male
17129,Rand,Probey,rprobeycg@bing.com,Male
15563,Edyth,Harbach,eharbachch@ask.com,Non-binary
16899,Mia,Dysert,mdysertci@wunderground.com,Female
13160,Sheila,Soars,ssoarscj@nationalgeographic.com,Female
15213,Evonne,Philpot,ephilpotck@rediff.com,Female
15322,Gaile,Grainger,ggraingercl@alibaba.com,Male
17994,Lucky,Tatersale,ltatersalecm@loc.gov,Female
17002,Nicky,Saxon,nsaxoncn@wired.com,Male
16041,Keir,Lejeune,klejeuneco@delicious.com,Male
15580,Morganica,Minnock,mminnockcp@gnu.org,Female
17730,Bran,Hulme,bhulmecq@reference.com,Male
16663,Denver,Kenna,dkennacr@flickr.com,Male
14320,Vonny,Georgelin,vgeorgelincs@sina.com.cn,Female
13909,Romola,Garnall,rgarnallct@umn.edu,Female
12536,Ezekiel,Zanotti,ezanotticu@si.edu,Male
12986,Maxine,Wallworke,mwallworkecv@php.net,Female
16524,Lenora,Beatey,lbeateycw@people.com.cn,Female
16805,Alicea,Luney,aluneycx@imgur.com,Female
16682,Nealson,McEvay,nmcevaycy@phoca.cz,Male
15384,Stanford,Grouse,sgrousecz@tmall.com,Male
15977,Zoe,Ilett,zilettd0@youtu.be,Female
16464,Ade,O'Feeny,aofeenyd1@wordpress.com,Male
13265,Rube,Bayns,rbaynsd2@yellowpages.com,Male
17155,Andrei,Rouchy,arouchyd3@lycos.com,Female
14418,Lorilyn,Qualtro,lqualtrod4@fema.gov,Female
16871,Celka,MacGowing,cmacgowingd5@about.me,Female
15137,Hailee,Andersen,handersend6@hc360.com,Female
17364,Irene,Dimnage,idimnaged7@cdbaby.com,Female
14050,Lishe,Mapledorum,lmapledorumd8@list-manage.com,Female
12632,Levy,Potapczuk,lpotapczukd9@simplemachines.org,Male
13945,Lurline,Tarpey,ltarpeyda@pagesperso-orange.fr,Female
14436,Franklin,O'Scollee,foscolleedb@harvard.edu,Male
15125,Aurora,Langcastle,alangcastledc@walmart.com,Female
14500,Kermie,Shimony,kshimonydd@alibaba.com,Male
18005,Jaime,Carcas,jcarcasde@businessweek.com,Female
17684,Farleigh,Grafhom,fgrafhomdf@qq.com,Male
14760,Roberta,Roches,rrochesdg@sphinn.com,Female
16828,Tamqrah,Strudwick,tstrudwickdh@jugem.jp,Polygender
17085,Cammy,Schimank,cschimankdi@delicious.com,Male
15170,John,Mold,jmolddj@flickr.com,Male
13943,Nancie,Lober,nloberdk@indiatimes.com,Female
15750,Lianne,Carah,lcarahdl@upenn.edu,Female
17460,Dara,Carefull,dcarefulldm@webmd.com,Female
16801,Jemie,Snow,jsnowdn@tamu.edu,Female
17227,Roseline,Greenstreet,rgreenstreetdo@squidoo.com,Female
13336,Reube,Harriot,rharriotdp@hatena.ne.jp,Male
17175,Elicia,Labern,elaberndq@drupal.org,Female
15047,Evelina,Pietz,epietzdr@theatlantic.com,Female
14221,Ludvig,Mankor,lmankords@indiatimes.com,Male
17851,Shell,Lowle,slowledt@paypal.com,Genderqueer
17944,Graham,Nuttall,gnuttalldu@weibo.com,Male
15219,Iormina,Haycock,ihaycockdv@pen.io,Genderfluid
14048,Melly,Dominici,mdominicidw@amazon.de,Bigender
15780,Rori,Sauvage,rsauvagedx@ustream.tv,Female
16587,Kit,Boobier,kboobierdy@hubpages.com,Female
12653,Stephie,Orchard,sorcharddz@skyrock.com,Female
12481,Rozalie,Gallehawk,rgallehawke0@domainmarket.com,Female
12483,Shaylynn,Chrstine,schrstinee1@hud.gov,Female
13449,Jemima,Labrenz,jlabrenze2@lycos.com,Female
18198,Sonia,Mitro,smitroe3@redcross.org,Female
18042,Brynne,Hawkes,bhawkese4@icq.com,Agender
17863,Darya,Iskower,diskowere5@histats.com,Female
13340,Jaime,Scuse,jscusee6@fastcompany.com,Female
12636,Milicent,Sammonds,msammondse7@scribd.com,Female
13967,Norby,Hasel,nhasele8@soundcloud.com,Male
15687,Nicolas,Zienkiewicz,nzienkiewicze9@hp.com,Male
17928,Darb,Chellingworth,dchellingworthea@miibeian.gov.cn,Female
15429,Locke,Camosso,lcamossoeb@webmd.com,Genderqueer
13130,Gar,Broughton,gbroughtonec@amazon.de,Male
16661,John,Van Waadenburg,jvanwaadenburged@theglobeandmail.com,Male
14004,Norah,Beer,nbeeree@hp.com,Polygender
17236,Ario,Loffhead,aloffheadef@bravesites.com,Male
14963,Latisha,Reddecliffe,lreddecliffeeg@cbsnews.com,Female
15083,Honey,Risborough,hrisborougheh@google.fr,Female
16733,Ansel,Luscott,aluscottei@globo.com,Polygender
16166,Mayne,Skeech,mskeechej@discuz.net,Male
12575,Bendix,Worthing,bworthingek@springer.com,Male
15870,Rosella,Dring,rdringel@comsenz.com,Female
17707,Van,McElmurray,vmcelmurrayem@techcrunch.com,Female
16141,Geno,Murgatroyd,gmurgatroyden@time.com,Male
14658,Trevar,Birtwhistle,tbirtwhistleeo@comsenz.com,Male
14720,Nate,Cavil,ncavilep@mtv.com,Male
16889,Phyllys,Dzenisenka,pdzenisenkaeq@dion.ne.jp,Female
16210,Goddart,Cornish,gcornisher@paginegialle.it,Male
13489,Stormy,Dabnor,sdabnores@over-blog.com,Female
12512,Horacio,Kilty,hkiltyet@theguardian.com,Agender
13012,Cordy,Pitkins,cpitkinseu@posterous.com,Female
14285,Nolan,Caltera,ncalteraev@squidoo.com,Male
18095,Letti,Denge,ldengeew@senate.gov,Female
15461,Sherline,Janik,sjanikex@dyndns.org,Genderqueer
15774,Fifi,Buick,fbuickey@boston.com,Female
15818,Heriberto,Bibey,hbibeyez@reference.com,Male
18095,Wynn,Kennedy,wkennedyf0@wiley.com,Female
13679,Eudora,Melpuss,emelpussf1@blogspot.com,Female
14851,Waring,Ceccoli,wceccolif2@independent.co.uk,Male
15023,Richie,Totman,rtotmanf3@mit.edu,Male
14299,Augustine,O'Hartnett,aohartnettf4@canalblog.com,Male
18053,Lodovico,Hitzke,lhitzkef5@indiatimes.com,Male
14872,Byran,Ringsell,bringsellf6@xrea.com,Male
14472,Arlin,Clemente,aclementef7@nymag.com,Male
17808,Renault,Troman,rtromanf8@adobe.com,Male
17740,Giralda,McGrowther,gmcgrowtherf9@blogspot.com,Female
17625,Kattie,Mose,kmosefa@woothemes.com,Genderfluid
15680,Cary,Di Baudi,cdibaudifb@globo.com,Male
18121,Katrinka,Gimlet,kgimletfc@go.com,Female
18245,Juanita,Surby,jsurbyfd@soundcloud.com,Female
13902,Thoma,Gianettini,tgianettinife@tumblr.com,Male
18184,Ancell,Keay,akeayff@amazon.de,Male
16013,Dre,Mulvaney,dmulvaneyfg@spiegel.de,Female
18091,Obed,Reddihough,oreddihoughfh@godaddy.com,Male
14175,Caterina,Collingdon,ccollingdonfi@loc.gov,Female
16340,Carlene,Newband,cnewbandfj@yale.edu,Female
17831,Joe,Edon,jedonfk@intel.com,Male
16021,Gael,Kitchinghan,gkitchinghanfl@arizona.edu,Female
16112,Sherwin,Lavallin,slavallinfm@answers.com,Male
17002,Chere,Dollar,cdollarfn@yandex.ru,Female
15732,Janey,Crewe,jcrewefo@edublogs.org,Female
12392,Allie,Dawdry,adawdryfp@alexa.com,Male
13492,Gallagher,Simyson,gsimysonfq@youtu.be,Male
17079,Rina,Shevlan,rshevlanfr@flickr.com,Female
16867,Emmeline,Sedgemore,esedgemorefs@cpanel.net,Female
12502,Claudette,Cudihy,ccudihyft@buzzfeed.com,Female
12440,Kurt,Whebell,kwhebellfu@slashdot.org,Male
16189,Ferdy,Bowden,fbowdenfv@altervista.org,Male
12837,Allard,Reavell,areavellfw@sbwire.com,Male
16869,Alikee,Mc Coughan,amccoughanfx@hostgator.com,Female
15606,Reamonn,Kopje,rkopjefy@census.gov,Agender
12471,Hedy,Jahns,hjahnsfz@bing.com,Genderqueer
16713,Stanislaus,Solano,ssolanog0@parallels.com,Male
12922,Arv,Kummerlowe,akummerloweg1@ifeng.com,Male
17714,Druci,McQuillan,dmcquillang2@phpbb.com,Female
16810,Vitia,Smallbone,vsmallboneg3@go.com,Female
12407,Kalie,McInerney,kmcinerneyg4@nih.gov,Female
15250,Gayelord,MacDuffie,gmacduffieg5@adobe.com,Male
16728,Walther,Hughesdon,whughesdong6@xrea.com,Male
15816,Deonne,Iacobo,diacobog7@samsung.com,Female
13745,Walliw,Lewsey,wlewseyg8@paypal.com,Female
15115,Reese,Villa,rvillag9@yandex.ru,Male
15082,Morten,Darbyshire,mdarbyshirega@prweb.com,Male
13420,Elnar,Daile,edailegb@fotki.com,Male
17415,Lurette,Soanes,lsoanesgc@sfgate.com,Female
14649,Culver,Meale,cmealegd@thetimes.co.uk,Male
14367,Austin,Buttfield,abuttfieldge@sfgate.com,Female
13112,Shepherd,Jepensen,sjepensengf@theatlantic.com,Male
16706,Kelcy,O'Cahill,kocahillgg@tuttocitta.it,Female
14373,Brittaney,Janacek,bjanacekgh@nsw.gov.au,Female
16836,Carmita,Wrennall,cwrennallgi@vinaora.com,Female
14559,Marvin,Grimstead,mgrimsteadgj@over-blog.com,Male
14278,Vin,Bernetti,vbernettigk@wp.com,Female
13589,Darsey,Blasgen,dblasgengl@friendfeed.com,Female
14524,Lazaro,Etoile,letoilegm@princeton.edu,Male
14330,Germayne,Ashley,gashleygn@sciencedirect.com,Male
14206,Felipa,Height,fheightgo@weibo.com,Female
16954,Cyrus,Thal,cthalgp@theatlantic.com,Male
17886,Haskell,Comsty,hcomstygq@trellian.com,Male
17344,Bobbette,Ladbrook,bladbrookgr@hhs.gov,Female
17410,Kimberlee,Samber,ksambergs@unicef.org,Female
14713,Tara,Mander,tmandergt@omniture.com,Female
13748,Leesa,Francois,lfrancoisgu@cdc.gov,Female
16632,Michelina,Ramelet,mrameletgv@state.tx.us,Polygender
12837,Corry,Daybell,cdaybellgw@about.com,Female
17606,Berti,Spikings,bspikingsgx@oakley.com,Male
17621,Alverta,Ricker,arickergy@icio.us,Female
13706,Janos,Crookshanks,jcrookshanksgz@telegraph.co.uk,Male
12992,Lon,Dillingham,ldillinghamh0@bravesites.com,Male
12663,Melodie,Hanwright,mhanwrighth1@dailymail.co.uk,Genderqueer
13951,Venus,Galpin,vgalpinh2@latimes.com,Female
17136,Gleda,Antonoczyk,gantonoczykh3@illinois.edu,Female
14903,Aleda,Huggen,ahuggenh4@feedburner.com,Female
14257,Raffarty,Scarlan,rscarlanh5@ebay.co.uk,Male
14769,Michaella,O'Lennane,molennaneh6@oaic.gov.au,Female
12446,Delmer,Sambell,dsambellh7@google.ru,Male
13196,Loreen,Cowthard,lcowthardh8@facebook.com,Female
17516,Chloe,Garbutt,cgarbutth9@hatena.ne.jp,Female
12365,Carlen,Lowell,clowellha@surveymonkey.com,Female
16158,Efrem,Gourdon,egourdonhb@bbb.org,Male
15188,Rodger,Crocker,rcrockerhc@economist.com,Male
17748,Danny,Godden,dgoddenhd@netlog.com,Male
16000,Domenico,Catley,dcatleyhe@washingtonpost.com,Male
15424,Merrily,Rentenbeck,mrentenbeckhf@nsw.gov.au,Female
14462,Lida,Carnock,lcarnockhg@squidoo.com,Female
13572,Robinett,Bernetti,rbernettihh@theatlantic.com,Female
15758,Corby,Helleker,chellekerhi@google.de,Male
12855,Star,Tidmas,stidmashj@shop-pro.jp,Female
16888,Daloris,Shepard,dshepardhk@stumbleupon.com,Female
12811,Lonnie,Barok,lbarokhl@state.tx.us,Male
15151,Quillan,D'Ambrosi,qdambrosihm@boston.com,Male
12406,Deck,Novotne,dnovotnehn@e-recht24.de,Male
14098,Flossie,Ruselin,fruselinho@fema.gov,Female
13097,Trudi,Gwalter,tgwalterhp@fotki.com,Female
15421,Tyson,Golding,tgoldinghq@archive.org,Male
13918,Andonis,Cristofanini,acristofaninihr@rakuten.co.jp,Male
15492,Cleveland,Samett,csametths@over-blog.com,Male
17877,Ralf,Loades,rloadesht@squidoo.com,Male
14242,Wilow,Matts,wmattshu@artisteer.com,Female
15254,Vikki,Bonafant,vbonafanthv@blog.com,Female
15776,Ibby,Marikhin,imarikhinhw@newsvine.com,Female
15007,Lorne,Gledhall,lgledhallhx@multiply.com,Male
17503,Minne,Maffioletti,mmaffiolettihy@i2i.jp,Female
13385,Cayla,Lyttle,clyttlehz@imdb.com,Female
15794,Danila,Godlee,dgodleei0@a8.net,Female
15363,Bentley,Redbourn,bredbourni1@reverbnation.com,Male
15235,Malia,Tumayan,mtumayani2@hostgator.com,Female
13705,Hugo,Chatelain,hchatelaini3@unblog.fr,Male
14816,Gilberta,Coundley,gcoundleyi4@joomla.org,Female
13523,Corie,Rummings,crummingsi5@over-blog.com,Female
12815,Ingaberg,Kerins,ikerinsi6@list-manage.com,Agender
16856,Anneliese,Eisak,aeisaki7@blog.com,Female
15964,Norrie,Aronowicz,naronowiczi8@wsj.com,Male
14330,Laurice,Schrei,lschreii9@ucoz.com,Female
15608,Dorothy,Holton,dholtonia@cnbc.com,Bigender
16301,Leigh,Setterfield,lsetterfieldib@joomla.org,Male
15471,Iseabal,Mangam,imangamic@biblegateway.com,Female
17872,Shawnee,Westmorland,swestmorlandid@wikipedia.org,Female
16473,Cherri,Charte,ccharteie@dagondesign.com,Female
15021,Tommy,Pawelke,tpawelkeif@geocities.jp,Female
14127,Edmund,August,eaugustig@joomla.org,Male
17272,Sherie,Denzilow,sdenzilowih@digg.com,Female
13956,Silvia,Reaper,sreaperii@deviantart.com,Female
15196,Ddene,Parcell,dparcellij@ycombinator.com,Agender
14789,John,O'Hengerty,johengertyik@nbcnews.com,Male
16574,Theodor,Zimek,tzimekil@fema.gov,Male
14549,Devondra,Osmund,dosmundim@naver.com,Female
13203,Luce,Phayre,lphayrein@businessweek.com,Female
13543,Ronnie,Cregg,rcreggio@gmpg.org,Male
15683,Niko,Porch,nporchip@mozilla.org,Polygender
17473,Alika,Sikorsky,asikorskyiq@usa.gov,Female
16639,Isac,Sepey,isepeyir@surveymonkey.com,Male
14407,Dori,Richin,drichinis@wordpress.com,Female
12954,Anthe,McCosh,amccoshit@reverbnation.com,Female
15333,Gabrila,Lenthall,glenthalliu@vkontakte.ru,Female
17645,Shandie,Chichgar,schichgariv@w3.org,Female
17395,Davey,Ashley,dashleyiw@jimdo.com,Male
13774,Giffard,Maytom,gmaytomix@wikipedia.org,Genderfluid
12459,Husain,Browell,hbrowelliy@slashdot.org,Male
13770,Bronson,Boeter,bboeteriz@prlog.org,Male
15080,Tobey,Cotherill,tcotherillj0@photobucket.com,Female
13269,Englebert,MacNab,emacnabj1@wordpress.org,Male
13063,Deanne,Attenbrow,dattenbrowj2@123-reg.co.uk,Female
14062,Jewell,Boydle,jboydlej3@miibeian.gov.cn,Female
15268,Elna,Note,enotej4@tuttocitta.it,Female
16068,Sande,Sarra,ssarraj5@amazon.co.uk,Agender
12521,Val,Hars,vharsj6@simplemachines.org,Female
13429,Juana,Ballin,jballinj7@samsung.com,Female
14171,Dmitri,Troutbeck,dtroutbeckj8@toplist.cz,Male
17290,Mel,Coutts,mcouttsj9@pbs.org,Female
12391,Ingmar,Leys,ileysja@moonfruit.com,Male
13033,Thorin,Trustrie,ttrustriejb@timesonline.co.uk,Male
13408,Gaylord,Bosworth,gbosworthjc@barnesandnoble.com,Bigender
12831,Virgilio,Megahey,vmegaheyjd@paypal.com,Male
14719,Doti,Caghy,dcaghyje@un.org,Female
15901,Loree,Jonke,ljonkejf@jalbum.net,Non-binary
14089,Arleta,Maldin,amaldinjg@paginegialle.it,Female
13886,Lazarus,Novill,lnovilljh@smh.com.au,Genderfluid
13320,Riannon,Bignell,rbignellji@ucoz.com,Female
15347,Heidie,Hamon,hhamonjj@cdc.gov,Female
14882,Zandra,Dunlap,zdunlapjk@nytimes.com,Female
16020,Asher,Hartwright,ahartwrightjl@sfgate.com,Male
12848,Agathe,Silburn,asilburnjm@google.de,Female
13176,Doloritas,Molloy,dmolloyjn@opensource.org,Female
16050,Hesther,Covotti,hcovottijo@hc360.com,Female
15982,Hadria,Fehner,hfehnerjp@ezinearticles.com,Female
17349,Aubree,Capper,acapperjq@amazon.co.uk,Female
15679,Craggie,Callacher,ccallacherjr@pcworld.com,Male
13833,Cathyleen,Waples,cwaplesjs@techcrunch.com,Female
12967,Carmela,Willatts,cwillattsjt@i2i.jp,Female
18270,Nerti,Slidders,nsliddersju@cnn.com,Female
12674,Danni,Bracey,dbraceyjv@free.fr,Female
13734,Janaya,Tapner,jtapnerjw@ox.ac.uk,Female
16209,Emelina,Mallinar,emallinarjx@ca.gov,Female
12661,Zackariah,Laye,zlayejy@amazon.de,Male
16746,Arleta,Haly,ahalyjz@prlog.org,Genderfluid
13128,Mahmud,Tatterton,mtattertonk0@jugem.jp,Male
17444,Val,Obee,vobeek1@discovery.com,Female
14594,Kurt,Breslane,kbreslanek2@economist.com,Male
14059,Algernon,Thursfield,athursfieldk3@alibaba.com,Male
14493,Ellswerth,McGiven,emcgivenk4@ow.ly,Male
14015,Frances,Littrell,flittrellk5@hao123.com,Female
14799,Vilma,Duhig,vduhigk6@dell.com,Female
14877,Gerek,Taylour,gtaylourk7@google.pl,Genderqueer
14376,Shalom,Washbrook,swashbrookk8@dyndns.org,Male
12495,Lynnett,Rabley,lrableyk9@soup.io,Female
17588,Perla,Saulter,psaulterka@amazon.co.jp,Female
16413,Welsh,O'Hoolahan,wohoolahankb@alibaba.com,Male
17278,Steve,Keirl,skeirlkc@columbia.edu,Male
15516,Carma,Jenney,cjenneykd@sohu.com,Female
15892,Tillie,Allingham,tallinghamke@delicious.com,Female
16153,Mira,Luard,mluardkf@noaa.gov,Female
14004,Godfrey,Antonognoli,gantonognolikg@yellowpages.com,Male
16218,Aile,Purves,apurveskh@businessweek.com,Female
12957,Wilbert,Shutler,wshutlerki@intel.com,Male
17003,Amerigo,Bourget,abourgetkj@com.com,Male
13861,Alfie,Formoy,aformoykk@google.cn,Male
14583,Conni,Duker,cdukerkl@icq.com,Female
17098,Phaedra,Sclanders,psclanderskm@who.int,Female
13131,Martainn,Matchell,mmatchellkn@nhs.uk,Male
17158,Jania,Pourveer,jpourveerko@umn.edu,Female
16779,Baron,Garrold,bgarroldkp@cbsnews.com,Male
13725,Raymund,Denny,rdennykq@chronoengine.com,Male
14059,Pepito,Sauvain,psauvainkr@apache.org,Male
16594,Wolfie,Gotcliffe,wgotcliffeks@sciencedirect.com,Agender
16013,Claudian,Erat,ceratkt@wired.com,Male
17728,Herbert,Yapp,hyappku@senate.gov,Male
17607,Brocky,Timmons,btimmonskv@usda.gov,Male
14706,Reinhard,Munroe,rmunroekw@yolasite.com,Male
13475,Teddie,Gremain,tgremainkx@ebay.co.uk,Female
14789,Loria,Brumfitt,lbrumfittky@123-reg.co.uk,Female
13052,Beryl,Deny,bdenykz@amazon.co.jp,Female
12662,Thurstan,Galea,tgaleal0@shareasale.com,Male
16078,Scarlet,Yexley,syexleyl1@woothemes.com,Female
16673,Janeta,Zorzi,jzorzil2@japanpost.jp,Female
13905,Urson,Conisbee,uconisbeel3@weibo.com,Male
18023,Madel,Gladding,mgladdingl4@live.com,Female
15445,Clerkclaude,Philipard,cphilipardl5@sbwire.com,Male
12593,Jacenta,Hargrove,jhargrovel6@yahoo.com,Female
17341,Fitz,Livoir,flivoirl7@is.gd,Male
16006,Danya,Owain,dowainl8@51.la,Male
16631,Linnie,McTrustram,lmctrustraml9@wsj.com,Female
12424,Clio,Flohard,cflohardla@forbes.com,Female
13692,Guntar,Lawton,glawtonlb@1688.com,Male
15147,Addie,Heckle,ahecklelc@about.com,Female
13945,Trstram,Boden,tbodenld@163.com,Male
14396,Kelcy,Pittwood,kpittwoodle@flickr.com,Female
15328,Byrle,Ciepluch,bciepluchlf@opensource.org,Male
17894,Nalani,Chantree,nchantreelg@people.com.cn,Female
13953,Ailyn,MacAlpin,amacalpinlh@java.com,Female
16355,Pebrook,Ingrem,pingremli@posterous.com,Male
13273,Kale,Cowap,kcowaplj@4shared.com,Male
15559,Corty,Marchington,cmarchingtonlk@virginia.edu,Male
16210,Orville,Spencook,ospencookll@adobe.com,Male
13737,Jenilee,St. Queintain,jstqueintainlm@nbcnews.com,Female
14496,Jinny,Fanner,jfannerln@ftc.gov,Female
16254,Dew,Saiz,dsaizlo@epa.gov,Male
12439,Tully,De la Zenne,tdelazennelp@scribd.com,Male
13523,Hallie,Quirke,hquirkelq@nih.gov,Female
12876,Mariele,Zecchinii,mzecchiniilr@bloglovin.com,Female
14048,Gifford,Croasdale,gcroasdalels@whitehouse.gov,Male
17048,Cordie,Basley,cbasleylt@issuu.com,Male
17152,August,Aveling,aavelinglu@dyndns.org,Male
15789,Prudi,Bumfrey,pbumfreylv@360.cn,Female
17010,Garth,De Leek,gdeleeklw@yolasite.com,Male
17445,Jori,Bezzant,jbezzantlx@usda.gov,Female
14147,Kristien,Crellim,kcrellimly@nature.com,Female
12666,Sandy,Dellenty,sdellentylz@msn.com,Non-binary
16790,Fanechka,Minmagh,fminmaghm0@wordpress.org,Female
13962,Joane,Dust,jdustm1@youtube.com,Female
14694,Averil,Jurgen,ajurgenm2@arizona.edu,Male
13878,Erie,Pegrum,epegrumm3@oaic.gov.au,Male
14031,Matty,Britland,mbritlandm4@histats.com,Male
18266,Dorie,Grafom,dgrafomm5@netlog.com,Female
14256,Benedikta,Neate,bneatem6@techcrunch.com,Female
15081,Welsh,Mallett,wmallettm7@printfriendly.com,Male
17749,Jermayne,Eldrett,jeldrettm8@paginegialle.it,Male
18150,Bobbee,Ozanne,bozannem9@youtube.com,Female
15359,Isacco,Lapree,ilapreema@oracle.com,Male
12848,Rivalee,Snoding,rsnodingmb@soundcloud.com,Female
12736,Jobye,Goodchild,jgoodchildmc@si.edu,Female
13439,Rupert,Ruffey,rruffeymd@mit.edu,Male
13110,Marybeth,Cornelius,mcorneliusme@ycombinator.com,Female
13202,Pam,Blankenship,pblankenshipmf@youku.com,Female
13436,Anestassia,Matterdace,amatterdacemg@123-reg.co.uk,Female
15534,Baxie,Skarin,bskarinmh@facebook.com,Male
12736,Avery,Gosson,agossonmi@mashable.com,Male
15300,Elroy,Arnson,earnsonmj@state.gov,Male
16108,Maren,Edess,medessmk@blog.com,Female
16305,Fayre,Reeveley,freeveleyml@mtv.com,Female
13229,Roldan,Petherick,rpetherickmm@booking.com,Male
16308,Toddy,Huddlestone,thuddlestonemn@devhub.com,Male
13021,Walker,Candie,wcandiemo@twitpic.com,Male
16712,Craig,Hirth,chirthmp@opera.com,Male
14246,Tony,Jupp,tjuppmq@shutterfly.com,Female
15784,Savina,Osipenko,sosipenkomr@senate.gov,Female
15540,Leslie,Kubiak,lkubiakms@artisteer.com,Non-binary
13674,Bryan,Wride,bwridemt@yellowbook.com,Male
13623,Wells,Manklow,wmanklowmu@php.net,Male
15056,Jesselyn,Doull,jdoullmv@reuters.com,Female
13154,Allan,Ropert,aropertmw@independent.co.uk,Male
13082,Sibilla,Eddowis,seddowismx@businessweek.com,Female
16730,Melisande,Bittlestone,mbittlestonemy@unc.edu,Female
16665,Adrianne,Baptiste,abaptistemz@reverbnation.com,Polygender
16705,Lon,Barnaclough,lbarnacloughn0@hp.com,Male
14282,Ruggiero,Sawfoot,rsawfootn1@auda.org.au,Genderqueer
18120,Hogan,Kasbye,hkasbyen2@booking.com,Male
17805,Loria,Spear,lspearn3@geocities.com,Female
17121,Kaylyn,Barette,kbaretten4@discuz.net,Female
17864,Feliza,Skeemor,fskeemorn5@abc.net.au,Female
14361,Fredrika,Diano,fdianon6@sciencedirect.com,Female
12667,Deerdre,Bodocs,dbodocsn7@umich.edu,Female
14223,Iggy,Goodlet,igoodletn8@seesaa.net,Male
16833,Ros,Chown,rchownn9@newyorker.com,Female
15259,Kincaid,Melmar,kmelmarna@tripod.com,Male
13017,Nessa,Klimecki,nklimeckinb@dropbox.com,Female
12555,Arin,Urien,auriennc@1688.com,Male
14834,Martyn,McCloy,mmccloynd@hatena.ne.jp,Male
16758,Teressa,Tuting,ttutingne@mtv.com,Female
18112,Kennie,Ellams,kellamsnf@tmall.com,Male
17713,Aimil,Orrobin,aorrobinng@illinois.edu,Female
17233,Leela,Cresar,lcresarnh@trellian.com,Female
16332,Rene,Blodgetts,rblodgettsni@uiuc.edu,Male
13677,Miran,Stollwerck,mstollwercknj@ihg.com,Female
15989,Benoit,Baton,bbatonnk@biglobe.ne.jp,Genderqueer
12466,Eddy,Steggles,estegglesnl@a8.net,Female
14748,Kylila,Donati,kdonatinm@techcrunch.com,Female
18197,Aleta,Tatlock,atatlocknn@google.ru,Female
15569,Clarice,Fawltey,cfawlteyno@addtoany.com,Bigender
15371,Berty,Coch,bcochnp@un.org,Polygender
16778,Orelee,Tomasik,otomasiknq@kickstarter.com,Female
15585,Carleton,Adamou,cadamounr@earthlink.net,Male
15425,Cameron,Gokes,cgokesns@reverbnation.com,Male
15645,Dale,Carl,dcarlnt@networkadvertising.org,Male
14660,Lesly,Varne,lvarnenu@about.com,Polygender
14117,Camilla,Heintzsch,cheintzschnv@intel.com,Female
15863,Kordula,Hrihorovich,khrihorovichnw@technorati.com,Female
13069,Sheree,Limer,slimernx@netlog.com,Female
12920,Ryun,Jakobssen,rjakobssenny@jigsy.com,Male
14070,Cybil,Manass,cmanassnz@unicef.org,Agender
16685,Demetrius,Coppo,dcoppoo0@stumbleupon.com,Male
13180,Charlie,Liggins,cligginso1@goodreads.com,Male
15511,Rheba,Toten,rtoteno2@1688.com,Female
18257,Gaven,Rendbaek,grendbaeko3@wix.com,Male
16202,Gaile,Leaves,gleaveso4@upenn.edu,Male
13694,Skylar,Barnardo,sbarnardoo5@netscape.com,Male
12469,Liuka,Hardesty,lhardestyo6@goo.gl,Female
17727,Shandy,Janicek,sjaniceko7@who.int,Agender
17756,Marcellina,Blei,mbleio8@cnn.com,Polygender
12627,Brigida,Hunnable,bhunnableo9@google.ca,Female
12830,Rriocard,Petric,rpetricoa@nhs.uk,Male
14473,Reidar,Elcocks,relcocksob@ca.gov,Genderfluid
14963,Harlie,Treweela,htreweelaoc@mysql.com,Female
16537,Hanna,Gerrell,hgerrellod@blogs.com,Female
13421,Murielle,Callaghan,mcallaghanoe@dot.gov,Female
12351,Welsh,Bulstrode,wbulstrodeof@rambler.ru,Male
12392,Lenard,Boadby,lboadbyog@bigcartel.com,Male
15264,Karylin,Heninghem,kheninghemoh@google.it,Female
16420,Anne-marie,Terbrug,aterbrugoi@google.nl,Female
12393,Germana,Seabourne,gseabourneoj@examiner.com,Female
13262,Tiffanie,Snadden,tsnaddenok@samsung.com,Female
17524,Chryste,Dawltrey,cdawltreyol@businesswire.com,Female
16579,Frederica,Meriot,fmeriotom@alibaba.com,Female
17100,Sawyer,Parcell,sparcellon@ebay.com,Male
16690,Leigha,Meddemmen,lmeddemmenoo@quantcast.com,Female
16269,Rosemary,Casol,rcasolop@wiley.com,Female
15023,Kariotta,Gallahue,kgallahueoq@google.com.au,Female
13736,Brianna,Barry,bbarryor@sogou.com,Female
16512,Charlene,Perkins,cperkinsos@umich.edu,Agender
18036,Bendicty,Betchley,bbetchleyot@soundcloud.com,Male
13701,Dolph,Considine,dconsidineou@yale.edu,Male
17161,Mendie,Dible,mdibleov@51.la,Male
14349,Eudora,Tonge,etongeow@unicef.org,Female
13778,Eric,Local,elocalox@flavors.me,Male
16153,Brendon,Kisar,bkisaroy@mysql.com,Genderfluid
15684,Patty,Capin,pcapinoz@123-reg.co.uk,Non-binary
17150,Willi,Willatts,wwillattsp0@miibeian.gov.cn,Female
15765,Tye,Gruczka,tgruczkap1@yellowpages.com,Male
15860,Philbert,James,pjamesp2@deliciousdays.com,Male
13028,Carolee,Bridgett,cbridgettp3@shinystat.com,Female
14354,Karilynn,Bonanno,kbonannop4@intel.com,Female
16786,Northrup,Beddon,nbeddonp5@studiopress.com,Male
13978,Heinrick,Gerrey,hgerreyp6@cmu.edu,Genderqueer
15858,Devina,D'Ambrogio,ddambrogiop7@digg.com,Female
14603,Milton,Sline,mslinep8@usda.gov,Male
16597,Rafi,Dungey,rdungeyp9@tuttocitta.it,Male
13242,Godwin,Winkle,gwinklepa@pen.io,Male
17611,Bancroft,Aksell,baksellpb@instagram.com,Male
13378,Elayne,Paffett,epaffettpc@symantec.com,Female
15199,Britta,Neames,bneamespd@google.it,Female
16881,Pembroke,Guerro,pguerrope@list-manage.com,Male
17663,Hershel,Degoe,hdegoepf@yahoo.com,Male
13546,Blanca,Whitticks,bwhittickspg@123-reg.co.uk,Bigender
15947,Franciskus,Cozby,fcozbyph@flickr.com,Male
13305,Terri,Laroux,tlarouxpi@plala.or.jp,Female
13546,Neysa,Dashper,ndashperpj@symantec.com,Female
17356,Ginny,Guilloton,gguillotonpk@wunderground.com,Female
17494,Cassy,Dallin,cdallinpl@google.com.au,Female
12944,Nelly,Moggle,nmogglepm@rambler.ru,Female
14943,Corrianne,Aland,calandpn@ihg.com,Bigender
12823,Ethe,Mulqueen,emulqueenpo@github.com,Polygender
13237,Charyl,Revely,crevelypp@vkontakte.ru,Female
15541,Molly,Rebichon,mrebichonpq@blog.com,Female
13792,Gard,Frosdick,gfrosdickpr@simplemachines.org,Male
12622,Dexter,Lesek,dlesekps@illinois.edu,Non-binary
14678,Mark,McCurlye,mmccurlyept@aol.com,Male
15000,Stuart,Casero,scaseropu@ca.gov,Male
18049,Genny,Dovidaitis,gdovidaitispv@yellowpages.com,Female
15706,Worth,Sickling,wsicklingpw@yellowbook.com,Male
14488,Myranda,MacLure,mmaclurepx@walmart.com,Female
18141,Nelson,Doodney,ndoodneypy@icio.us,Genderfluid
13095,Crystal,Warlow,cwarlowpz@bloglines.com,Female
12843,Anitra,Tregenza,atregenzaq0@sphinn.com,Female
17048,Gus,Crommett,gcrommettq1@shutterfly.com,Male
15042,Esma,Napoli,enapoliq2@nydailynews.com,Female
16122,Denny,Scala,dscalaq3@theglobeandmail.com,Polygender
16665,Melony,Yeude,myeudeq4@bigcartel.com,Female
14992,Carilyn,Bodycomb,cbodycombq5@feedburner.com,Female
16390,Duane,Scolland,dscollandq6@rambler.ru,Male
14993,Rodolph,Kiwitz,rkiwitzq7@issuu.com,Male
16744,Waiter,Noe,wnoeq8@goo.gl,Male
12677,Domini,Killford,dkillfordq9@wufoo.com,Female
15387,Maximilian,Ceschini,mceschiniqa@wisc.edu,Agender
14270,Zerk,Van Brug,zvanbrugqb@360.cn,Male
14961,Hugh,Olland,hollandqc@paginegialle.it,Male
12666,Stavros,Koschek,skoschekqd@desdev.cn,Male
12728,Dunn,Avann,davannqe@xrea.com,Bigender
17342,Hesther,Schwander,hschwanderqf@fda.gov,Bigender
13349,Robbi,Roback,rrobackqg@springer.com,Female
13104,Lydon,Darracott,ldarracottqh@wiley.com,Male
17283,Allegra,Lubbock,alubbockqi@shutterfly.com,Female
17434,Merle,Brazier,mbrazierqj@dion.ne.jp,Female
16730,Maurene,Van't Hoff,mvanthoffqk@squarespace.com,Female
14609,Hestia,Templeton,htempletonql@naver.com,Female
16983,Anallese,Backson,abacksonqm@yale.edu,Female
15137,Shandy,Skase,sskaseqn@1688.com,Female
15626,Tedman,Gai,tgaiqo@latimes.com,Agender
15012,Vinni,Kinforth,vkinforthqp@ehow.com,Female
12721,Clayborne,Sign,csignqq@timesonline.co.uk,Male
16203,Lennie,Work,lworkqr@ask.com,Male
13221,Warner,Kinneally,wkinneallyqs@sourceforge.net,Male
13018,Maighdiln,Aireton,mairetonqt@themeforest.net,Female
13969,Marven,Nichol,mnicholqu@barnesandnoble.com,Male
17711,Phil,Devonside,pdevonsideqv@blogspot.com,Female
16566,Katuscha,O' Meara,komearaqw@cbslocal.com,Female
16465,Danila,Rossiter,drossiterqx@jiathis.com,Female
12601,Pandora,Mc Gee,pmcgeeqy@springer.com,Female
12956,Roseline,Mulford,rmulfordqz@wikispaces.com,Genderqueer
15126,Jolyn,Claasen,jclaasenr0@goodreads.com,Female
14289,Maressa,Hammersley,mhammersleyr1@admin.ch,Female
15674,Grantham,Craske,gcrasker2@flickr.com,Male
14794,Aline,Burrells,aburrellsr3@imdb.com,Female
12942,Tadio,Walkey,twalkeyr4@wikia.com,Male
13791,Ferd,Bickell,fbickellr5@netvibes.com,Male
15729,Addia,Kubec,akubecr6@dagondesign.com,Genderqueer
17433,Jacklyn,Beverage,jbeverager7@phoca.cz,Polygender
15928,Esme,Fellgate,efellgater8@printfriendly.com,Male
15888,Helenka,Gantley,hgantleyr9@paypal.com,Female
16831,Ava,Dibley,adibleyra@dion.ne.jp,Bigender
16877,Jo-anne,Whiteland,jwhitelandrb@businessweek.com,Female
12751,Decca,Fearnside,dfearnsiderc@prnewswire.com,Agender
13898,Esme,Perrottet,eperrottetrd@tiny.cc,Male
14961,Pearline,Petrus,ppetrusre@ezinearticles.com,Female
17567,Carlota,Dorsey,cdorseyrf@auda.org.au,Female
14802,Niko,Finch,nfinchrg@usgs.gov,Male
15157,Sayre,Philippard,sphilippardrh@technorati.com,Male
13834,Darius,Spillard,dspillardri@paypal.com,Male
18259,Benyamin,MacGillreich,bmacgillreichrj@163.com,Male
13758,Eamon,Thomason,ethomasonrk@yellowpages.com,Male
13577,Augustin,MacWhan,amacwhanrl@apache.org,Male
17506,Lorelle,Barrus,lbarrusrm@yolasite.com,Female
16796,Krishnah,Barlas,kbarlasrn@aboutads.info,Male
16648,Stacey,Laurens,slaurensro@pen.io,Female
13807,Charlean,Lehrian,clehrianrp@youtube.com,Female
12898,Hugibert,Lazell,hlazellrq@blogger.com,Male
18287,Rahel,Zienkiewicz,rzienkiewiczrr@trellian.com,Female
